"","brand","marketshare"
"ms_ppk","PPk","0.440492170022371"
"ms_pbb","PBB","0.156375838926174"
"ms_pfi","PFI","0.104697986577181"
"ms_phse","PHse","0.140044742729306"
"ms_pgen","PGen","0.140044742729306"
"ms_plmp","Plmp","0.0165548098434004"
"ms_pss","PSS","0.0713646532438479"
