"","product","marketshare"
"ms_choice1","1","0.395078299776286"
"ms_choice2","2","0.156375838926174"
"ms_choice3","3","0.0543624161073826"
"ms_choice4","4","0.132662192393736"
"ms_choice5","5","0.0704697986577181"
"ms_choice6","6","0.0165548098434004"
"ms_choice7","7","0.0713646532438479"
"ms_choice8","8","0.045413870246085"
"ms_choice9","9","0.0503355704697987"
"ms_choice10","10","0.00738255033557047"
